brand,generic,verified_by,date
Napa,paracetamol,Esha,2026-09-29
Napa Extra,paracetamol + caffeine,Esha,2026-09-29
Napa Extend,paracetamol,Esha,2026-09-29
Ace,paracetamol,Esha,2026-09-29
Ace Plus,paracetamol + caffeine,Esha,2026-09-29
Pyrex,paracetamol,Esha,2026-09-29
Renova,paracetamol,Esha,2026-09-29
Fast,paracetamol,Esha,2026-09-29
Reset,paracetamol,Esha,2026-09-29
Tamip,paracetamol,Esha,2026-09-29
Xpa,paracetamol,Esha,2026-09-29
Dexatab,dexamethasone,Esha,2026-09-29
Clofen,diclofenac,Esha,2026-09-29
Voltagel,diclofenac,Esha,2026-09-29
Aknofen,aceclofenac,Esha,2026-09-29
Flexi,aceclofenac,Esha,2026-09-29
Mefen,mefenamic acid,Esha,2026-09-29
Naprox,naproxen,Esha,2026-09-29
Xenar,naproxen,Esha,2026-09-29
Tramagut,tramadol,Esha,2026-09-29
Anzitor,atorvastatin,Esha,2026-09-29
Atova,atorvastatin,Esha,2026-09-29
Lipicon,atorvastatin,Esha,2026-09-29
Tigon,rosuvastatin,Esha,2026-09-29
Rosu,rosuvastatin,Esha,2026-09-29
Bizoran,olmesartan + amlodipine,Esha,2026-09-29
Camlodin,amlodipine,Esha,2026-09-29
Amlopin,amlodipine,Esha,2026-09-29
Tuze,losartan,Esha,2026-09-29
Angilock,losartan,Esha,2026-09-29
Osartil,losartan,Esha,2026-09-29
Protor,bisoprolol,Esha,2026-09-29
Bisocor,bisoprolol,Esha,2026-09-29
Carvedil,carvedilol,Esha,2026-09-29
Indever,propranolol,Esha,2026-09-29
Dilzem,diltiazem,Esha,2026-09-29
Serta,sertraline,Esha,2026-09-29
Zap,clonazepam,Esha,2026-09-29
Rivotril,clonazepam,Esha,2026-09-29
Disopan,clonazepam,Esha,2026-09-29
Passe,lorazepam,Esha,2026-09-29
Xenid,diazepam,Esha,2026-09-29
Easium,diazepam,Esha,2026-09-29
Melix,meloxicam,Esha,2026-09-29
Pregaba,pregabalin,Esha,2026-09-29
Neugabin,pregabalin,Esha,2026-09-29
Linap,linagliptin,Esha,2026-09-29
Combitrol,linagliptin + metformin,Esha,2026-09-29
Metfo,metformin,Esha,2026-09-29
Comet,metformin,Esha,2026-09-29
Gliben,glibenclamide,Esha,2026-09-29
Securin,gliclazide,Esha,2026-09-29
Glucozone,pioglitazone,Esha,2026-09-29
Empaglif,empagliflozin,Esha,2026-09-29
Seclo,omeprazole,Esha,2026-09-29
Losectil,omeprazole,Esha,2026-09-29
Ometid,omeprazole,Esha,2026-09-29
Proceptin,omeprazole,Esha,2026-09-29
Sergel,esomeprazole,Esha,2026-09-29
Maxpro,esomeprazole,Esha,2026-09-29
Opton,esomeprazole,Esha,2026-09-29
Esonix,esomeprazole,Esha,2026-09-29
Pantonix,pantoprazole,Esha,2026-09-29
Pantid,pantoprazole,Esha,2026-09-29
Trupan,pantoprazole,Esha,2026-09-29
Rabeca,rabeprazole,Esha,2026-09-29
Finix,rabeprazole,Esha,2026-09-29
Dexivant,dexlansoprazole,Esha,2026-09-29
Amodis,metronidazole,Esha,2026-09-29
Filmet,metronidazole,Esha,2026-09-29
Flamyd,metronidazole,Esha,2026-09-29
Ciprocin,ciprofloxacin,Esha,2026-09-29
Neocip,ciprofloxacin,Esha,2026-09-29
Becomax,vitamin b complex,Esha,2026-09-29
Aristovit,multivitamin,Esha,2026-09-29
D-Rise,cholecalciferol,Esha,2026-09-29
Calbo,calcium carbonate,Esha,2026-09-29
Calbo D,calcium carbonate + vitamin d3,Esha,2026-09-29
Coralcal D,coral calcium + vitamin d3,Esha,2026-09-29
Bextram,multivitamin + multimineral,Esha,2026-09-29
Neuro-B,vitamin b1 b6 b12,Esha,2026-09-29
Neobion,vitamin b1 b6 b12,Esha,2026-09-29
Alatrol,cetirizine,Esha,2026-09-29
Atizin,cetirizine,Esha,2026-09-29
Cetron,cetirizine,Esha,2026-09-29
Fexo,fexofenadine,Esha,2026-09-29
Telfast,fexofenadine,Esha,2026-09-29
Dinate,fexofenadine,Esha,2026-09-29
Deslor,desloratadine,Esha,2026-09-29
Denaz,desloratadine,Esha,2026-09-29
Rupifin,rupatadine,Esha,2026-09-29
Bilasten,bilastine,Esha,2026-09-29
Ebas,ebastine,Esha,2026-09-29
Azithrocin,azithromycin,Esha,2026-09-29
Zimax,azithromycin,Esha,2026-09-29
Trulimax,azithromycin,Esha,2026-09-29
Odaz,azithromycin,Esha,2026-09-29
Cef3,cefixime,Esha,2026-09-29
Emcef,cefixime,Esha,2026-09-29
Denvar,cefixime,Esha,2026-09-29
Tyclav,amoxicillin + clavulanic acid,Esha,2026-09-29
Fimoxyl,amoxicillin,Esha,2026-09-29
Moxacil,amoxicillin,Esha,2026-09-29
Cefron,cephradine,Esha,2026-09-29
Dicef,cephradine,Esha,2026-09-29
Ultrafen,fenofibrate,Esha,2026-09-29
Montene,montelukast,Esha,2026-09-29
Monas,montelukast,Esha,2026-09-29
Lumona,montelukast,Esha,2026-09-29
Provair,montelukast,Esha,2026-09-29
Windel,salbutamol,Esha,2026-09-29
Ventolin,salbutamol,Esha,2026-09-29
Asmasol,salbutamol,Esha,2026-09-29
Bexitrol,salmeterol + fluticasone,Esha,2026-09-29
Doxovent,doxofylline,Esha,2026-09-29
Filwel,multivitamin,Esha,2026-09-29
Omidon,domperidone,Esha,2026-09-29
Motigut,domperidone,Esha,2026-09-29
Domin,domperidone,Esha,2026-09-29
Ondron,ondansetron,Esha,2026-09-29
Emistat,ondansetron,Esha,2026-09-29
Onset,ondansetron,Esha,2026-09-29
Entacyd,aluminium hydroxide + magnesium hydroxide,Esha,2026-09-29
Flatun,simethicone,Esha,2026-09-29
Digicon,simethicone,Esha,2026-09-29
Tofen,ketotifen,Esha,2026-09-29
Fenat,ketotifen,Esha,2026-09-29
Ecap,vitamin e,Esha,2026-09-29
